{"_id":"4044ccb0-100a-470b-8897-1b3f56c2a94b_AppSrv01_1827538053695964_26498c3b-a3b6-4d8c-945c-0e8c49388b72_JavaHelloWorldApp_war.ear.EASe_json","_rev":"1-6e43e2a98df5e89118aa29f13b15a649","report":"analysis","version":"1.4","productVersion":"24.0.0.3","productRelease":"24.0.0.3","buildID":"v20241121_2333","options":["--sourceAppServer\u003dwas90","--sourceJava\u003dibm8","--sourceJavaEE\u003dee7","--targetAppServer\u003dEASe","--targetJava\u003dibm8","--targetJavaEE\u003dee7","--targetCloud\u003dcontainers","--includeHelpLocation","--maxUserDefinedRuleResults\u003d100","--userRuleLocation\u003d/root/dc/transformationadvisor-4.0.0/bin/../conf/userDefinedRules","--excludePackages\u003dch.qos,com.cloudant,com.cognos,com.fasterxml,com.filenet,com.ibatis,com.ibm,com.informix,com.lowagie,com.mchange,com.meterware,com.microsoft,com.mongodb,com.mysql,com.sun,com.sybase,filenet,freemarker,groovy,jakarta,java,javax,net,oracle,org,sqlj,sun,twitter4j,_ibmjsp"],"totalRulesFlagged":0,"filesAffected":0,"totalResults":0,"applications":["/opt/IBM/WebSphere/AppServer/profiles/AppSrv01/config/cells/ghettoes1Node01Cell/applications/JavaHelloWorldApp_war.ear/JavaHelloWorldApp_war.ear"],"rules":[],"name":"JavaHelloWorldApp_war.ear.EASe.analyze","type":"json","tenantId":"26498c3b-a3b6-4d8c-945c-0e8c49388b72","taskname":"4044ccb0-100a-470b-8897-1b3f56c2a94b","created":1732536840697,"profileName":"AppSrv01_1827538053695964","applicationName":"JavaHelloWorldApp_war.ear.EASe","id":"4044ccb0-100a-470b-8897-1b3f56c2a94b_AppSrv01_1827538053695964_26498c3b-a3b6-4d8c-945c-0e8c49388b72_JavaHelloWorldApp_war.ear.EASe_json"}