{"_id":"4044ccb0-100a-470b-8897-1b3f56c2a94b_AppSrv01_1827538053695964_26498c3b-a3b6-4d8c-945c-0e8c49388b72_JavaHelloWorldApp_war.ear_json","_rev":"1-963bae758f0a9792dc1b9ab94e592b83","report":"technology","version":"2.3","productVersion":"24.0.0.3","productRelease":"24.0.0.3","buildID":"v20241121_2333","options":["--baseEdition","--coreEdition","--includeHelpLocation","--liberty","--ndEdition","--traditional","--zosEdition","--excludePackages\u003dch.qos,com.cloudant,com.cognos,com.fasterxml,com.filenet,com.ibatis,com.ibm,com.informix,com.lowagie,com.mchange,com.meterware,com.microsoft,com.mongodb,com.mysql,com.sun,com.sybase,filenet,freemarker,groovy,jakarta,java,javax,net,oracle,org,sqlj,sun,twitter4j,_ibmjsp"],"applications":[{"application":"/opt/IBM/WebSphere/AppServer/profiles/AppSrv01/config/cells/ghettoes1Node01Cell/applications/JavaHelloWorldApp_war.ear/JavaHelloWorldApp_war.ear","summary":{"openLiberty":true,"libertyCore":true,"liberty":true,"websphereTraditional":true,"ndLiberty":true,"ndTraditional":true,"zosLiberty":true,"zosTraditional":true},"technologies":[{"technology":"Java Servlet","openLiberty":true,"libertyCore":true,"liberty":true,"websphereTraditional":true,"ndLiberty":true,"ndTraditional":true,"zosLiberty":true,"zosTraditional":true}],"incompleteReportErrors":[],"footnotes":[]}],"overallSummary":{"openLiberty":true,"libertyCore":true,"liberty":true,"websphereTraditional":true,"ndLiberty":true,"ndTraditional":true,"zosLiberty":true,"zosTraditional":true},"name":"JavaHelloWorldApp_war.ear.eval","type":"json","tenantId":"26498c3b-a3b6-4d8c-945c-0e8c49388b72","taskname":"4044ccb0-100a-470b-8897-1b3f56c2a94b","created":1732536840697,"profileName":"AppSrv01_1827538053695964","applicationName":"JavaHelloWorldApp_war.ear","id":"4044ccb0-100a-470b-8897-1b3f56c2a94b_AppSrv01_1827538053695964_26498c3b-a3b6-4d8c-945c-0e8c49388b72_JavaHelloWorldApp_war.ear_json"}